{
  "$schema": "../node_modules/@angular/service-worker/config/schema.json",
  "index": "/index.html",
  "assetGroups": [
    {
      "name": "app",
      "installMode": "prefetch",
      "updateMode": "prefetch",
      "resources": {
        "files": [
          "favicon.ico",
          "index.html",
          "manifest.webmanifest",
          "/**/*.css",
          "/**/*.js"
        ],
        "urls": [
          "https://fonts.googleapis.com/**",
          "https://fonts.gstatic.com/s/**"
        ]
      }
    },
    {
      "name": "assets",
      "installMode": "lazy",
      "updateMode": "prefetch",
      "resources": {
        "files": [
          "/assets/**",
          "/*.(eot|svg|cur|jpg|png|webp|gif|otf|ttf|woff|woff2|ani)"
        ]
      }
    }
  ]
}
