{
    "dependency_tree": {
        "__AUTOGENERATED_FILE_DO_NOT_MODIFY_THIS_FILE_MANUALLY": -678771817,
        "conflict_resolution": {},
        "dependencies": [
            {
                "coord": "org.jetbrains.kotlin:kotlin-stdlib-common:1.4.31",
                "dependencies": [],
                "directDependencies": [],
                "file": "v1/https/repo1.maven.org/maven2/org/jetbrains/kotlin/kotlin-stdlib-common/1.4.31/kotlin-stdlib-common-1.4.31.jar",
                "mirror_urls": [
                    "https://maven.google.com/org/jetbrains/kotlin/kotlin-stdlib-common/1.4.31/kotlin-stdlib-common-1.4.31.jar",
                    "https://repo1.maven.org/maven2/org/jetbrains/kotlin/kotlin-stdlib-common/1.4.31/kotlin-stdlib-common-1.4.31.jar"
                ],
                "sha256": "57962f44371a746b678218a0802a8712c6255206de9a69ede215e3aa4b044708",
                "url": "https://repo1.maven.org/maven2/org/jetbrains/kotlin/kotlin-stdlib-common/1.4.31/kotlin-stdlib-common-1.4.31.jar"
            },
            {
                "coord": "org.jetbrains.kotlin:kotlin-stdlib-common:jar:sources:1.4.31",
                "dependencies": [],
                "directDependencies": [],
                "file": "v1/https/repo1.maven.org/maven2/org/jetbrains/kotlin/kotlin-stdlib-common/1.4.31/kotlin-stdlib-common-1.4.31-sources.jar",
                "mirror_urls": [
                    "https://maven.google.com/org/jetbrains/kotlin/kotlin-stdlib-common/1.4.31/kotlin-stdlib-common-1.4.31-sources.jar",
                    "https://repo1.maven.org/maven2/org/jetbrains/kotlin/kotlin-stdlib-common/1.4.31/kotlin-stdlib-common-1.4.31-sources.jar"
                ],
                "sha256": "bd9a316729a6374b50415c7385afc0096ce973048ee7d8110b8751750425fc31",
                "url": "https://repo1.maven.org/maven2/org/jetbrains/kotlin/kotlin-stdlib-common/1.4.31/kotlin-stdlib-common-1.4.31-sources.jar"
            },
            {
                "coord": "org.jetbrains.kotlin:kotlin-stdlib-js:1.4.31",
                "dependencies": [
                    "org.jetbrains.kotlin:kotlin-stdlib-common:1.4.31"
                ],
                "directDependencies": [
                    "org.jetbrains.kotlin:kotlin-stdlib-common:1.4.31"
                ],
                "file": "v1/https/repo1.maven.org/maven2/org/jetbrains/kotlin/kotlin-stdlib-js/1.4.31/kotlin-stdlib-js-1.4.31.jar",
                "mirror_urls": [
                    "https://maven.google.com/org/jetbrains/kotlin/kotlin-stdlib-js/1.4.31/kotlin-stdlib-js-1.4.31.jar",
                    "https://repo1.maven.org/maven2/org/jetbrains/kotlin/kotlin-stdlib-js/1.4.31/kotlin-stdlib-js-1.4.31.jar"
                ],
                "sha256": "80fab0d133657f21b6293e1efaf81f13ed9f055ed0fc2113816ffa8484f0bd72",
                "url": "https://repo1.maven.org/maven2/org/jetbrains/kotlin/kotlin-stdlib-js/1.4.31/kotlin-stdlib-js-1.4.31.jar"
            },
            {
                "coord": "org.jetbrains.kotlin:kotlin-stdlib-js:jar:sources:1.4.31",
                "dependencies": [
                    "org.jetbrains.kotlin:kotlin-stdlib-common:jar:sources:1.4.31"
                ],
                "directDependencies": [
                    "org.jetbrains.kotlin:kotlin-stdlib-common:jar:sources:1.4.31"
                ],
                "file": "v1/https/repo1.maven.org/maven2/org/jetbrains/kotlin/kotlin-stdlib-js/1.4.31/kotlin-stdlib-js-1.4.31-sources.jar",
                "mirror_urls": [
                    "https://maven.google.com/org/jetbrains/kotlin/kotlin-stdlib-js/1.4.31/kotlin-stdlib-js-1.4.31-sources.jar",
                    "https://repo1.maven.org/maven2/org/jetbrains/kotlin/kotlin-stdlib-js/1.4.31/kotlin-stdlib-js-1.4.31-sources.jar"
                ],
                "sha256": "e4394f3d9932a9416674888a283a23cbe598c770fd3ff9733a88fdc89227aa3a",
                "url": "https://repo1.maven.org/maven2/org/jetbrains/kotlin/kotlin-stdlib-js/1.4.31/kotlin-stdlib-js-1.4.31-sources.jar"
            },
            {
                "coord": "org.jetbrains.kotlinx:kotlinx-html-js:0.7.3",
                "dependencies": [
                    "org.jetbrains.kotlin:kotlin-stdlib-common:1.4.31",
                    "org.jetbrains.kotlin:kotlin-stdlib-js:1.4.31"
                ],
                "directDependencies": [
                    "org.jetbrains.kotlin:kotlin-stdlib-common:1.4.31",
                    "org.jetbrains.kotlin:kotlin-stdlib-js:1.4.31"
                ],
                "file": "v1/https/repo1.maven.org/maven2/org/jetbrains/kotlinx/kotlinx-html-js/0.7.3/kotlinx-html-js-0.7.3.jar",
                "mirror_urls": [
                    "https://maven.google.com/org/jetbrains/kotlinx/kotlinx-html-js/0.7.3/kotlinx-html-js-0.7.3.jar",
                    "https://repo1.maven.org/maven2/org/jetbrains/kotlinx/kotlinx-html-js/0.7.3/kotlinx-html-js-0.7.3.jar"
                ],
                "sha256": "fb7b16f3724596863a8b09c45bb9403f4524739bb173e26aa5aa8f29dfb404d3",
                "url": "https://repo1.maven.org/maven2/org/jetbrains/kotlinx/kotlinx-html-js/0.7.3/kotlinx-html-js-0.7.3.jar"
            },
            {
                "coord": "org.jetbrains.kotlinx:kotlinx-html-js:jar:sources:0.7.3",
                "dependencies": [
                    "org.jetbrains.kotlin:kotlin-stdlib-common:jar:sources:1.4.31",
                    "org.jetbrains.kotlin:kotlin-stdlib-js:jar:sources:1.4.31"
                ],
                "directDependencies": [
                    "org.jetbrains.kotlin:kotlin-stdlib-common:jar:sources:1.4.31",
                    "org.jetbrains.kotlin:kotlin-stdlib-js:jar:sources:1.4.31"
                ],
                "file": "v1/https/repo1.maven.org/maven2/org/jetbrains/kotlinx/kotlinx-html-js/0.7.3/kotlinx-html-js-0.7.3-sources.jar",
                "mirror_urls": [
                    "https://maven.google.com/org/jetbrains/kotlinx/kotlinx-html-js/0.7.3/kotlinx-html-js-0.7.3-sources.jar",
                    "https://repo1.maven.org/maven2/org/jetbrains/kotlinx/kotlinx-html-js/0.7.3/kotlinx-html-js-0.7.3-sources.jar"
                ],
                "sha256": "a989fcac7af20e9aaa4baf3ca5a052c14b34dbaa49cc523a73306240e647c078",
                "url": "https://repo1.maven.org/maven2/org/jetbrains/kotlinx/kotlinx-html-js/0.7.3/kotlinx-html-js-0.7.3-sources.jar"
            }
        ],
        "version": "0.1.0"
    }
}
